,Description,Markov Chain Rating
0,Donald Cerrone,3.9479350771397284e+30
1,Jim Miller,3.664942709201979e+30
2,Demian Maia,3.236609954499265e+30
3,Ross Pearson,2.880601244503284e+30
4,Nate Marquardt,2.861582757914329e+30
5,Rafael Dos Anjos,2.807866031678949e+30
6,Diego Sanchez,2.740685511787298e+30
7,Charles Oliveira,2.662259552266756e+30
8,Joseph Benavidez,2.6540926352630696e+30
9,Glover Teixeira,2.59595245408066e+30
10,Ricardo Lamas,2.586093232202317e+30
11,Thiago Alves,2.5572183198094086e+30
12,Jeremy Stephens,2.4487447093145432e+30
13,Darren Elkins,2.4439727973294026e+30
14,Jimi Manuwa,2.442158699421017e+30
15,Andrei Arlovski,2.4317318499070173e+30
16,Ovince Saint Preux,2.4199035852462504e+30
17,Edson Barboza,2.4027349876199842e+30
18,Tim Boetsch,2.4002610767107742e+30
19,Jorge Masvidal,2.3925307657334974e+30
20,Anderson Silva,2.3613679539930157e+30
21,Nate Diaz,2.329445970960084e+30
22,Eryk Anders,2.3073814663762637e+30
23,Johny Hendricks,2.261370737343911e+30
24,Jon Jones,2.2610044377393387e+30
25,Jake Ellenberger,2.240971766550587e+30
26,Thiago Santos,2.2188895631593368e+30
27,Joe Lauzon,2.2147149465499284e+30
28,Anthony Pettis,2.214079688601908e+30
29,Clay Guida,2.1981112690237924e+30
30,Jan Blachowicz,2.1916028034233447e+30
31,Ben Saunders,2.1798993763663618e+30
32,Gleison Tibau,2.142942995778653e+30
33,Stefan Struve,2.1276903775973356e+30
34,Francisco Trinaldo,2.122854047128322e+30
35,Patrick Cote,2.112366220224368e+30
36,Frankie Edgar,2.1064457137761813e+30
37,Neil Magny,2.0831206632018259e+30
38,Jason Knight,2.077049450411945e+30
39,James Vick,2.062220491324553e+30
40,Cub Swanson,2.0609539740206724e+30
41,Jussier Formiga,2.0224802612278846e+30
42,Dustin Poirier,2.0148604961235906e+30
43,Robbie Lawler,2.0081238103516894e+30
44,Dan Henderson,2.0001760349383946e+30
45,Matt Brown,1.9884270726473459e+30
46,Urijah Faber,1.9790851093069357e+30
47,Michael Johnson,1.9508805630005082e+30
48,Beneil Dariush,1.9388447142011913e+30
49,Mike Perry,1.9264273645775448e+30
50,Jacare Souza,1.895039020503975e+30
51,Junior Dos Santos,1.8935834067520833e+30
52,Thales Leites,1.8929332486890558e+30
53,Wilson Reis,1.8584951649104527e+30
54,Ryan Bader,1.855412276851639e+30
55,Gunnar Nelson,1.8467697678386874e+30
56,Paul Felder,1.838143445358227e+30
57,Stipe Miocic,1.82741664926475e+30
58,Yancy Medeiros,1.8154598279240092e+30
59,Dennis Bermudez,1.8152854631691308e+30
60,BJ Penn,1.8124030960209684e+30
61,John Dodson,1.8079270848680167e+30
62,Vitor Belfort,1.8040365964215684e+30
63,Alex Oliveira,1.7976952640011764e+30
64,Alexander Gustafsson,1.782783548145303e+30
65,Rashad Evans,1.7770900704278398e+30
66,Benson Henderson,1.771106435452228e+30
67,Tony Ferguson,1.769339747336504e+30
68,Max Holloway,1.7636285480055392e+30
69,Evan Dunham,1.760069107673859e+30
70,Jose Aldo,1.7567096979881524e+30
71,Mike Pyle,1.7499998426119735e+30
72,Mauricio Rua,1.7484577617613656e+30
73,CB Dollaway,1.7418356573299977e+30
74,Lucie Pudilova,1.7356195683241322e+30
75,Rick Story,1.7329122426857068e+30
76,Michael Bisping,1.7296279095556023e+30
77,Chris Weidman,1.7295060900235507e+30
78,Lyoto Machida,1.72272659097677e+30
79,Anthony Johnson,1.717475190678293e+30
80,Gabriel Gonzaga,1.716103650113471e+30
81,Carlos Condit,1.7135861499742003e+30
82,Elias Theodorou,1.7025969552662624e+30
83,Drew Dober,1.701234162250411e+30
84,Kevin Lee,1.693842971029381e+30
85,Dan Hooker,1.686705132933432e+30
86,Frank Mir,1.6851855074189526e+30
87,Conor McGregor,1.6851589175509608e+30
88,Randy Couture,1.6810855909790875e+30
89,Sam Stout,1.6742440170369702e+30
90,Sam Alvey,1.66448981080189e+30
91,Joshua Burkman,1.6577259706823962e+30
92,Mark Hunt,1.6543377274007821e+30
93,Chad Mendes,1.6526655933887202e+30
94,Demetrious Johnson,1.647516490170078e+30
95,Derek Brunson,1.6467920752961532e+30
96,Roy Nelson,1.638914844835086e+30
97,Mark Munoz,1.6304055231325306e+30
98,Brad Tavares,1.615867905753273e+30
99,Gegard Mousasi,1.6140334348350626e+30
100,Cezar Ferreira,1.6124582987459165e+30
101,Rani Yahya,1.5957455631413383e+30
102,Rich Franklin,1.5881609412797728e+30
103,Al Iaquinta,1.5830397362882445e+30
104,Melvin Guillard,1.5829616344080683e+30
105,Jimmie Rivera,1.5806413544390678e+30
106,Josh Koscheck,1.5802131016803223e+30
107,Robert Whittaker,1.5709555383166267e+30
108,Derrick Lewis,1.5609632918275804e+30
109,Gian Villante,1.557392016767408e+30
110,Danny Castillo,1.5571269730090665e+30
111,Nik Lentz,1.5529857782908743e+30
112,Nikita Krylov,1.5488206443765606e+30
113,Kelvin Gastelum,1.541038908803986e+30
114,Rustam Khabilov,1.5386196154890604e+30
115,Ben Rothwell,1.5305612351770475e+30
116,Tim Means,1.5248776914362233e+30
117,John Howard,1.512813952024548e+30
118,Zak Cummings,1.5072525540035118e+30
119,Fabricio Werdum,1.5063344893340076e+30
120,Yushin Okami,1.5032110020663982e+30
121,Lorenz Larkin,1.5017464305570666e+30
122,Dong Hyun Kim,1.4898246001814878e+30
123,Erick Silva,1.4896515467548572e+30
124,Myles Jury,1.4805890349736352e+30
125,Gray Maynard,1.4787166131631388e+30
126,Aljamain Sterling,1.4638390363959022e+30
127,Michael Chiesa,1.4561347490315547e+30
128,Tito Ortiz,1.453095341808346e+30
129,Pedro Munhoz,1.4518397095361193e+30
130,Luke Rockhold,1.4450280350014136e+30
131,Olivier Aubin-Mercier,1.4416710498697345e+30
132,Stephen Thompson,1.4391730471982833e+30
133,Patrick Cummins,1.4375208519464056e+30
134,Chris Leben,1.4351523654550653e+30
135,Sergio Pettis,1.434359113721532e+30
136,Anthony Smith,1.434158392636977e+30
137,Takanori Gomi,1.4265878547827755e+30
138,Anthony Rocco Martin,1.4248170950965113e+30
139,Travis Browne,1.4246522034800913e+30
140,Sean Strickland,1.4223286782206395e+30
141,Daniel Cormier,1.4199245636519417e+30
142,Dennis Siver,1.416612244807211e+30
143,John Lineker,1.4064884761682933e+30
144,Brad Pickett,1.4021498396211618e+30
145,James Krause,1.3995873844331907e+30
146,Ed Herman,1.3987491679862694e+30
147,Henry Cejudo,1.3948508358305413e+30
148,Corey Anderson,1.3945224990497465e+30
149,Sergio Moraes,1.3859850731082708e+30
150,Desmond Green,1.38402175034602e+30
151,Rogerio Nogueira,1.3737590099375097e+30
152,Luke Sanders,1.3723171379881007e+30
153,Manvel Gamburyan,1.3675363327602563e+30
154,Alistair Overeem,1.3670881973002477e+30
155,Uriah Hall,1.3577087668043605e+30
156,Georges St-Pierre,1.3506728069268207e+30
157,David Branch,1.3502366904444702e+30
158,Bryan Barberena,1.349905121738272e+30
159,Matt Mitrione,1.3478574553013925e+30
160,Cody Garbrandt,1.3415787738348426e+30
161,Alex Caceres,1.3394845170577142e+30
162,Cole Miller,1.3352472719424944e+30
163,Andre Fili,1.3312278324784272e+30
164,Raphael Assuncao,1.3227869649235513e+30
165,Renan Barao,1.3224180078756493e+30
166,Paulo Thiago,1.3169757286862315e+30
167,Court McGee,1.3134010510884365e+30
168,Keita Nakamura,1.3086520634746758e+30
169,Tim Elliott,1.3025683792641513e+30
170,Jack Hermansson,1.2911856713856063e+30
171,Bobby Green,1.2908232410888136e+30
172,TJ Dillashaw,1.2889120816089567e+30
173,Mac Danzig,1.2770055702182935e+30
174,Brandon Moreno,1.2760954609755578e+30
175,Santiago Ponzinibbio,1.2758928119443873e+30
176,Thiago Tavares,1.271939488500197e+30
177,Louis Smolka,1.2661490959437286e+30
178,Yoel Romero,1.2657615624000268e+30
179,Jamie Varner,1.2635566809336798e+30
180,Chael Sonnen,1.26184718421652e+30
181,John Moraga,1.2605556162711436e+30
182,Jennifer Maia,1.2602819463659727e+30
183,Dustin Ortiz,1.252969232753644e+30
184,Krzysztof Jotko,1.2487792331080622e+30
185,Volkan Oezdemir,1.2469557084730734e+30
186,Justin Gaethje,1.243361019899805e+30
187,Elizeu Zaleski dos Santos,1.2399314269968841e+30
188,Montel Jackson,1.2373850976597981e+30
189,Deiveson Figueiredo,1.2237837230873053e+30
190,Mike Swick,1.2089128728692745e+30
191,Warlley Alves,1.2014575074418183e+30
192,Josh Emmett,1.199563057316318e+30
193,Costas Philippou,1.1982321748184271e+30
194,Cain Velasquez,1.194803037638479e+30
195,Hector Lombard,1.1935610413603092e+30
196,Shamil Abdurakhimov,1.1932632450110441e+30
197,Diego Ferreira,1.1878425581506967e+30
198,Tyron Woodley,1.1818881837952391e+30
199,Rampage Jackson,1.1780964268224441e+30
200,Rob Font,1.1761204844195571e+30
201,Gerald Meerschaert,1.1725642972529635e+30
202,Kyle Noke,1.1711480740165647e+30
203,Gregor Gillespie,1.1676720498959505e+30
204,Douglas Silva de Andrade,1.1648016465680325e+30
205,Alan Jouban,1.1592320552740547e+30
206,Brian Ebersole,1.1589550908662519e+30
207,Brian Kelleher,1.1576244399638227e+30
208,Yves Edwards,1.1555286994699722e+30
209,Daron Cruickshank,1.1551704890668273e+30
210,Bryan Caraway,1.153249038253376e+30
211,Alex Garcia,1.1526576132774375e+30
212,Bevon Lewis,1.1480934661708538e+30
213,Khabib Nurmagomedov,1.143872722481694e+30
214,Renato Moicano,1.1413462738182136e+30
215,Max Griffin,1.141266165940821e+30
216,Joe Duffy,1.1405397540958103e+30
217,Martin Kampmann,1.1373200750870696e+30
218,Chris Camozzi,1.1355410576277478e+30
219,Josh Neer,1.132643946569122e+30
220,Marcin Tybura,1.1314510428274835e+30
221,Phil Davis,1.1304915822961693e+30
222,Tom Lawlor,1.1296912227407058e+30
223,Niko Price,1.1286151050909973e+30
224,Scott Jorgensen,1.1162228028858542e+30
225,Vicente Luque,1.1132018796679694e+30
226,Joe Stevenson,1.1056221971418839e+30
227,Bethe Correia,1.104854740638247e+30
228,Michel Prazeres,1.097776265609879e+30
229,John Makdessi,1.0942949557692079e+30
230,Rafael Natal,1.0937326856217463e+30
231,Nordine Taleb,1.0931017315114886e+30
232,Gilbert Melendez,1.0921843684900357e+30
233,Chad Laprise,1.0907316554335688e+30
234,Ilir Latifi,1.0906559803225678e+30
235,Rogerio Bontorin,1.0895481687415904e+30
236,Peter Sobotta,1.0888441163602482e+30
237,Spencer Fisher,1.086952020471215e+30
238,Chuck Liddell,1.0804922242662177e+30
239,Efrain Escudero,1.0769896368476272e+30
240,Rory MacDonald,1.0766645888489811e+30
241,Nam Phan,1.0715217956382861e+30
242,Minotauro Nogueira,1.070961088207919e+30
243,Curtis Millender,1.070163222174518e+30
244,Matt Hughes,1.0673500943317712e+30
245,Damir Hadzovic,1.0666394921015887e+30
246,Mirko Cro Cop,1.0615045592786148e+30
247,Kamaru Usman,1.0589357554492684e+30
248,Justin Scoggins,1.0579412219038431e+30
249,Takeya Mizugaki,1.0575964087529596e+30
250,Iuri Alcantara,1.0545481536608164e+30
251,Cheick Kongo,1.054211347364828e+30
252,Leon Edwards,1.0501549882649945e+30
253,Jake Matthews,1.0448619747755853e+30
254,Joe Soto,1.0410038884994597e+30
255,Jessica Eye,1.0362875163920047e+30
256,Yair Rodriguez,1.036208710859273e+30
257,Alexis Davis,1.0359098752243516e+30
258,Francis Ngannou,1.0357978388619758e+30
259,Matt Wiman,1.0306410393184285e+30
260,Ryan LaFlare,1.0306308693153085e+30
261,James Te Huna,1.0272931227861107e+30
262,Brendan Schaub,1.0258373922082336e+30
263,Daniel Kelly,1.0216150550473166e+30
264,Antonio Silva,1.0210501523512895e+30
265,Dan Hardy,1.0187661869798686e+30
266,Leonardo Santos,1.0185464590483388e+30
267,Alejandro Perez,1.0150112211766732e+30
268,Eric Spicely,1.0029730010787034e+30
269,Brandon Vera,9.99065662793269e+29
270,Eddie Wineland,9.902995396547382e+29
271,Hacran Dias,9.861563566931096e+29
272,Jason MacDonald,9.861491426676118e+29
273,Marlon Moraes,9.827786081121831e+29
274,Gilbert Burns,9.817299596161715e+29
275,Alex White,9.816488757210365e+29
276,Belal Muhammad,9.787700104584501e+29
277,Alan Belcher,9.775591056247162e+29
278,Siyar Bahadurzada,9.750831783512607e+29
279,Rousimar Palhares,9.741967371506676e+29
280,Igor Pokrajac,9.683811360360203e+29
281,Francisco Rivera,9.615134172198195e+29
282,Aleksei Oleinik,9.605390607783282e+29
283,Jessica Andrade,9.59168095715735e+29
284,Chris Lytle,9.589520350114522e+29
285,Ion Cutelaba,9.573942905332003e+29
286,Russell Doane,9.553515517912446e+29
287,Alexander Yakovlev,9.543836683047386e+29
288,Mirsad Bektic,9.53214106934083e+29
289,Andrew Sanchez,9.501169886866703e+29
290,Marc Diakiese,9.452627533949445e+29
291,Erik Koch,9.446649560597265e+29
292,Eddie Alvarez,9.424117287383471e+29
293,Katlyn Chookagian,9.422679202507462e+29
294,Albert Tumenov,9.392021061563744e+29
295,Frankie Saenz,9.383311182448077e+29
296,Aaron Simpson,9.38282858680317e+29
297,Sean O'Connell,9.321328050248115e+29
298,Marlon Vera,9.287760570220747e+29
299,Stevie Ray,9.286991887336763e+29
300,Mike Pierce,9.271061091890338e+29
301,Sodiq Yusuff,9.238729755620151e+29
302,Charlie Brenneman,9.222602220475553e+29
303,Frank Camacho,9.113902373968227e+29
304,Tarec Saffiedine,9.113665823251276e+29
305,Raquel Pennington,9.079320686269216e+29
306,Petr Yan,9.05985056776851e+29
307,Jack Marshman,9.052920272537358e+29
308,Kurt Pellegrino,9.049024728147674e+29
309,Ray Borg,9.043922427206037e+29
310,David Teymur,9.038450256284666e+29
311,Jon Fitch,9.026474417821802e+29
312,Stephan Bonnar,8.942615177863138e+29
313,TJ Grant,8.934389651517228e+29
314,Rashid Magomedov,8.920290246098819e+29
315,Matt Schnell,8.904301483142571e+29
316,Chas Skelly,8.88898890994514e+29
317,Gabriel Benitez,8.881635943527056e+29
318,Kendall Grove,8.867390450126463e+29
319,Karo Parisyan,8.827402412013384e+29
320,Jingliang Li,8.804073621980712e+29
321,Fabio Maldonado,8.777805278385062e+29
322,Teruto Ishihara,8.774248501292493e+29
323,Anthony Perosh,8.723983945189573e+29
324,Keith Jardine,8.70409017978082e+29
325,Vinc Pichel,8.639545594787802e+29
326,Sean Sherk,8.632700161505658e+29
327,Jordan Mein,8.616485585045796e+29
328,Will Brooks,8.601444619728316e+29
329,Zach Makovsky,8.601100709597156e+29
330,Alex Morono,8.58701377434657e+29
331,Francis Carmont,8.569188750028317e+29
332,Jared Cannonier,8.567676065307397e+29
333,Forrest Griffin,8.520494475604716e+29
334,Chan Sung Jung,8.464482703238731e+29
335,Josh Thomson,8.463039871767357e+29
336,Holly Holm,8.43779573552862e+29
337,Abel Trujillo,8.430813690192706e+29
338,Pat Barry,8.424730333789286e+29
339,Vladimir Matyushenko,8.411593530943741e+29
340,Brian Stann,8.401606543829665e+29
341,Dominick Reyes,8.389435750975438e+29
342,Jake Shields,8.387095463564112e+29
343,Colby Covington,8.373075617265763e+29
344,Angela Hill,8.348312009378688e+29
345,Marcos Rogerio de Lima,8.343049150159347e+29
346,Kevin Holland,8.34114597300329e+29
347,Thomas Almeida,8.340446670017376e+29
348,Valentina Shevchenko,8.248654344954078e+29
349,George Sotiropoulos,8.247066378561191e+29
350,Mark De La Rosa,8.188694884410518e+29
351,Walt Harris,8.153591697221456e+29
352,Antonio Carlos Junior,8.139227233058279e+29
353,Joe Riggs,8.135878938761313e+29
354,Dan Miller,8.135123026309218e+29
355,Adriano Martins,8.092729276823528e+29
356,Jon Tuck,8.079025236974848e+29
357,Joanna Jedrzejczyk,8.057212084708396e+29
358,Daniel Omielanczuk,8.052083585400492e+29
359,Shawn Jordan,7.92074061529316e+29
360,Zabit Magomedsharipov,7.918329145237616e+29
361,Mike Massenzio,7.878622646127454e+29
362,Misha Cirkunov,7.844973734328227e+29
363,Irene Aldana,7.84213482323365e+29
364,John Hathaway,7.83101549626506e+29
365,Ben Nguyen,7.823214987316376e+29
366,Mairbek Taisumov,7.781839084684641e+29
367,Islam Makhachev,7.657047066277604e+29
368,Godofredo Pepey,7.637553678754937e+29
369,Matt Sayles,7.60894018800432e+29
370,Brett Johns,7.59682110750814e+29
371,Chris Fishgold,7.59021035508059e+29
372,Sam Sicilia,7.57398550503885e+29
373,Alexander Hernandez,7.541131983844622e+29
374,Thibault Gouti,7.511826119811661e+29
375,Tyson Griffin,7.477877475910481e+29
376,Dominick Cruz,7.443659151508305e+29
377,Cortney Casey,7.431071576535061e+29
378,Tom Duquesnoy,7.425301870314243e+29
379,Antonina Shevchenko,7.419538694570974e+29
380,Rafaello Oliveira,7.416834806800675e+29
381,Nick Diaz,7.40807868649267e+29
382,Carla Esparza,7.399670748243691e+29
383,Piotr Hallmann,7.393900406930799e+29
384,Kenny Florian,7.376187577927413e+29
385,George Sullivan,7.34165065345338e+29
386,Jonathan Martinez,7.337260724527486e+29
387,Seth Baczynski,7.309159965007432e+29
388,Christos Giagos,7.296396767956233e+29
389,Joey Beltran,7.28691980881563e+29
390,Sean O'Malley,7.28029407933581e+29
391,Tai Tuivasa,7.275411420291575e+29
392,Josh Barnett,7.254208312836736e+29
393,Kajan Johnson,7.246416209529578e+29
394,Shane Burgos,7.240431951380018e+29
395,Norman Parke,7.236551193423239e+29
396,Joanne Calderwood,7.232023573339666e+29
397,Rafael Feijao,7.181931765823817e+29
398,Daniel Roberts,7.167070912128335e+29
399,Amanda Nunes,7.152448367303658e+29
400,Jeremy Horn,7.150247686619335e+29
401,Dan Moret,7.14165164145203e+29
402,Wilson Gouveia,7.077687122073151e+29
403,Darren Till,7.074394416999277e+29
404,Terry Etim,7.044089032087255e+29
405,Shane Carwin,7.037415662406525e+29
406,Rodrigo Damm,7.022953984690969e+29
407,Brandon Davis,7.021833140156972e+29
408,Hatsu Hioki,7.010121814646092e+29
409,Miesha Tate,7.001132220258452e+29
410,Dhiego Lima,6.985351354913196e+29
411,Lavar Johnson,6.952306715342621e+29
412,Roan Carneiro,6.950888074447443e+29
413,Jairzinho Rozenstruik,6.949053845180588e+29
414,Karolina Kowalkiewicz,6.942927388421739e+29
415,Matt Serra,6.933474633008227e+29
416,Alessio Sakara,6.912952241423891e+29
417,Pat Healy,6.909506265776238e+29
418,Brandon Thatch,6.909176992946705e+29
419,Sarah Moras,6.90524140800789e+29
420,Jared Gordon,6.884229499076915e+29
421,Marcus Davis,6.881003769713085e+29
422,Phillipe Nover,6.854558143749348e+29
423,Leandro Silva,6.831027306110393e+29
424,Trevor Smith,6.814919405695002e+29
425,Artem Lobov,6.796579060842841e+29
426,Matthew Lopez,6.77918613660685e+29
427,Jordan Rinaldi,6.77916647520695e+29
428,Matheus Nicolau,6.775557804334518e+29
429,Ulka Sasaki,6.760315608958269e+29
430,Evan Tanner,6.74355581640893e+29
431,Scott Holtzman,6.743459255155298e+29
432,Jorge Rivera,6.74033901839099e+29
433,Joe Doerksen,6.703805433149677e+29
434,Hermes Franca,6.696478111893814e+29
435,Danny Roberts,6.668562858685482e+29
436,Eliot Marshall,6.664183570350906e+29
437,Israel Adesanya,6.66013825341162e+29
438,Dustin Hazelett,6.654218500616786e+29
439,Wanderlei Silva,6.618144070855557e+29
440,Lando Vannata,6.61104731576753e+29
441,Liz Carmouche,6.594059111645081e+29
442,Ricardo Almeida,6.590156346528618e+29
443,Nick Hein,6.57019902458918e+29
444,Yoshihiro Akiyama,6.546273388828091e+29
445,Akira Corassani,6.542050146885232e+29
446,Vaughan Lee,6.53568970301361e+29
447,Ryan Jimmo,6.514987978415787e+29
448,Jacob Volkmann,6.435404741516747e+29
449,Nate Quarry,6.426695037869928e+29
450,Jose Torres,6.417200321914001e+29
451,Amir Sadollah,6.397997383252943e+29
452,Ben Askren,6.395037852052545e+29
453,Geane Herrera,6.390632246267894e+29
454,Felipe Arantes,6.386224549348648e+29
455,Alexandre Pantoja,6.385164085160386e+29
456,Mitch Clarke,6.362324142414624e+29
457,Manny Bermudez,6.344088546662402e+29
458,Ronda Rousey,6.340223389378201e+29
459,George Roop,6.3378240497186686e+29
460,Dan Severn,6.33720728482301e+29
461,Joaquim Silva,6.3254862128320456e+29
462,Andre Ewell,6.3097912917599284e+29
463,Zak Ottow,6.2701832257420295e+29
464,Thiago Silva,6.2627882821160686e+29
465,Alexa Grasso,6.241706528335815e+29
466,Ken Shamrock,6.2367876641639395e+29
467,Andrew Craig,6.2322377571796e+29
468,Brian Ortega,6.2209006734576995e+29
469,Matt Hamill,6.20490469313965e+29
470,Reza Madadi,6.175974072369257e+29
471,Karl Roberson,6.1745703677040606e+29
472,Cody Stamann,6.169317025973741e+29
473,Maximo Blanco,6.145613632993243e+29
474,Joe Proctor,6.144857100019676e+29
475,Tatsuya Kawajiri,6.1444945514476044e+29
476,Cody McKenzie,6.135361489187934e+29
477,David Abbott,6.1133049463258825e+29
478,Johnny Case,6.104699503148136e+29
479,Cynthia Calvillo,6.093031124147628e+29
480,Mark Coleman,6.072849413764682e+29
481,Ali Bagautinov,6.0578919869609274e+29
482,Nico Musoke,6.034379425376257e+29
483,Darren Stewart,6.026353193567305e+29
484,Rick Glenn,6.012356947702782e+29
485,Damien Brown,6.006603668909114e+29
486,Randa Markos,5.999172850315972e+29
487,Kyung Ho Kang,5.99573267616597e+29
488,KJ Noons,5.995077339122635e+29
489,Sean Pierson,5.981589736130411e+29
490,Anthony Njokuani,5.968697887111675e+29
491,Tim Sylvia,5.955254383514375e+29
492,Cris Cyborg,5.9545809888408934e+29
493,Hector Sandoval,5.949512162898634e+29
494,Sean Spencer,5.947590019526159e+29
495,Chris Cariaso,5.934582865042161e+29
496,Alessio Di Chirico,5.9244620747264016e+29
497,Andre Soukhamthath,5.881871827787482e+29
498,Mizuto Hirota,5.8794676734678746e+29
499,Eric Schafer,5.877396108571842e+29
500,Johnny Walker,5.875523833974891e+29
501,Brock Lesnar,5.871946989763886e+29
502,Curtis Blaydes,5.871597366298211e+29
503,Cyrille Diabate,5.864497207895023e+29
504,Gina Mazany,5.857362551530973e+29
505,Jose Quinonez,5.8476336633921274e+29
506,Junior Albini,5.838871752199642e+29
507,Alexander Volkov,5.838587099743555e+29
508,Kenny Robertson,5.823326769684555e+29
509,Shane Roller,5.80439813334478e+29
510,James Bochnovic,5.780995991279452e+29
511,Lucas Martins,5.77360816191787e+29
512,Mike de la Torre,5.7537436498036074e+29
513,Rose Namajunas,5.741227012776573e+29
514,Todd Duffee,5.7140845719940466e+29
515,Diego Nunes,5.711201056123377e+29
516,Khalil Rountree Jr.,5.6969428459397346e+29
517,Chris Dempsey,5.677134874054279e+29
518,Trevin Giles,5.676428741975573e+29
519,Claudia Gadelha,5.673997632805017e+29
520,Jonathan Goulet,5.663602748527081e+29
521,Oluwale Bamgbose,5.6587583603632816e+29
522,Clint Hester,5.6545846601635286e+29
523,Pedro Rizzo,5.624902993253528e+29
524,Aspen Ladd,5.62114460612654e+29
525,Michelle Waterson,5.618882731400883e+29
526,Steven Siler,5.593564887732671e+29
527,Justin Edwards,5.593406998013475e+29
528,Jason Brilz,5.584609230046634e+29
529,Dave Herman,5.5744075530421936e+29
530,Drakkar Klose,5.559219485719104e+29
531,Casey Kenney,5.558074212237631e+29
532,DaMarques Johnson,5.5528008743213426e+29
533,Iliarde Santos,5.53759341387814e+29
534,Rich Clementi,5.5160830076096525e+29
535,Aleksandar Rakic,5.502772018656655e+29
536,Nick Catone,5.502689081980395e+29
537,Damian Stasiak,5.487148561397896e+29
538,Marion Reneau,5.4700857914123874e+29
539,Ryan Hall,5.4553550850515136e+29
540,Paul Sass,5.454603975160077e+29
541,Michael McDonald,5.449773120153516e+29
542,Jonathan Brookins,5.443923375113575e+29
543,Rolando Dy,5.4403461960889345e+29
544,Alexander Volkanovski,5.4384508294213465e+29
545,James Irvin,5.436429039262723e+29
546,Sara McMann,5.3966184963591905e+29
547,Ode Osbourne,5.3767741482389324e+29
548,Alex Perez,5.363262749919571e+29
549,Greg Hardy,5.338032045281969e+29
550,Fabricio Camoes,5.3159644591254725e+29
551,Alan Patrick,5.315895677215846e+29
552,Bec Rawlings,5.303161547428449e+29
553,Tecia Torres,5.296323505170242e+29
554,Nicolas Dalby,5.2946955072117836e+29
555,Lukasz Sajewski,5.271688861090754e+29
556,Tom Watson,5.270753743216565e+29
557,Tim Kennedy,5.254020448750165e+29
558,Ashkan Mokhtarian,5.2524124380248506e+29
559,Katsunori Kikuno,5.2339411937758315e+29
560,Tyson Pedro,5.226407871890454e+29
561,Soa Palelei,5.221735497044091e+29
562,Krzysztof Soszynski,5.211631076676146e+29
563,Kyle Nelson,5.181958340153847e+29
564,Claudio Silva,5.171783208577116e+29
565,Anthony Hamilton,5.162574362643565e+29
566,Julio Arce,5.1590028235609326e+29
567,Bartosz Fabinski,5.1437364369905414e+29
568,Bobby Moffett,5.104222413559655e+29
569,Matt Frevola,5.085147797450436e+29
570,Cathal Pendred,5.077195183462152e+29
571,Dooho Choi,5.071445807868157e+29
572,Paulo Costa,5.068980474752867e+29
573,Duane Ludwig,5.064989331219902e+29
574,Renato Sobral,5.05516813636399e+29
575,Damian Grabowski,5.053874056588935e+29
576,Salim Touahri,5.0502049608672486e+29
577,Devin Clark,5.0425220619451806e+29
578,Jared Rosholt,5.04178166717203e+29
579,Blagoy Ivanov,5.0299280797855716e+29
580,Jorge Santiago,5.0294928092228965e+29
581,Macy Chiasson,5.010672185270706e+29
582,Clay Collard,5.0037360068125224e+29
583,Wuliji Buren,4.999037112694635e+29
584,Drew McFedries,4.9527439621647534e+29
585,Aleksei Kunchenko,4.948455400706497e+29
586,Humberto Bandenay,4.946438414076289e+29
587,Chris Tuchscherer,4.943063599945684e+29
588,Phil Baroni,4.921160044706432e+29
589,Willie Gates,4.911206021642602e+29
590,Augusto Sakai,4.8986306443806676e+29
591,Tamdan McCrory,4.898187086028917e+29
592,Sultan Aliev,4.893455009699172e+29
593,James Head,4.892754226106065e+29
594,Rob Emerson,4.889334753269034e+29
595,Michinori Tanaka,4.877342185563148e+29
596,Jason Gonzalez,4.876676800812011e+29
597,Cat Zingano,4.867689346707411e+29
598,Mickey Gall,4.858841663565996e+29
599,Jessica-Rose Clark,4.849268805570467e+29
600,Magnus Cedenblad,4.839720071968189e+29
601,Mike Easton,4.807856648531485e+29
602,Kiichi Kunimoto,4.8013670885947395e+29
603,Derrick Krantz,4.791493748897057e+29
604,Isaac Vallie-Flagg,4.7708136911828394e+29
605,Johnny Eduardo,4.7707912294786304e+29
606,Mads Burnell,4.769143055502683e+29
607,Mark Bocek,4.7666935915994346e+29
608,Hans Stringer,4.727259596734699e+29
609,Jared Hamman,4.72561806426815e+29
610,Diego Brandao,4.715577661960932e+29
611,Lyman Good,4.700377440059129e+29
612,Erik Perez,4.697492670390561e+29
613,Pete Sell,4.661606965566897e+29
614,Felipe Silva,4.63712960167648e+29
615,John Alessio,4.631415033140844e+29
616,Emil Meek,4.617727615944372e+29
617,Rony Jason,4.6166266117029706e+29
618,Yaotzin Meza,4.616523420474246e+29
619,Ryan Spann,4.5921386290756545e+29
620,Magomed Mustafaev,4.591730019107508e+29
621,Andy Ogle,4.5675475809513896e+29
622,Jason Saggo,4.566940176980537e+29
623,Michihiro Omigawa,4.55160697201445e+29
624,Josh Samman,4.524128601335953e+29
625,TJ Waldburger,4.512067981398051e+29
626,Andre Winner,4.509695967209173e+29
627,Darrell Horcher,4.508201996888109e+29
628,Terry Martin,4.502864417156833e+29
629,Robert Peralta,4.500946828965866e+29
630,Luiz Cane,4.485211812589004e+29
631,David Zawada,4.459850520670413e+29
632,Rashad Coulter,4.4477533888335145e+29
633,Kai Kara-France,4.446716690519754e+29
634,Felice Herrig,4.433539810449732e+29
635,William Patolino,4.419537926736593e+29
636,Michael Kuiper,4.4160792451860884e+29
637,Ian McCall,4.410354439548208e+29
638,Albert Morales,4.408707244896309e+29
639,Ian Heinisch,4.387218735807909e+29
640,Oleg Taktarov,4.3720264039956076e+29
641,Kevin Randleman,4.367261125385792e+29
642,Chris Wade,4.3563144414858335e+29
643,Dominic Waters,4.349784322780248e+29
644,Houston Alexander,4.339620783725922e+29
645,Geoff Neal,4.32420278959316e+29
646,Andrew Holbrook,4.320716495530867e+29
647,Kyoji Horiguchi,4.309524141659207e+29
648,Joby Sanchez,4.2968588450352466e+29
649,Shannon Gugerty,4.289899211170884e+29
650,Ronny Markes,4.28033566882819e+29
651,Lauren Murphy,4.265235497988396e+29
652,Justin Buchholz,4.2612653085432735e+29
653,Jenel Lausa,4.242637389341293e+29
654,Randy Brown,4.2392793091414516e+29
655,Kyle Kingsbury,4.236909714998714e+29
656,Yana Kunitskaya,4.233772558423927e+29
657,Ruan Potts,4.230531256054625e+29
658,Frank Trigg,4.230193711701634e+29
659,Dennis Hallman,4.2190351993085026e+29
660,Travis Lutter,4.213844098457552e+29
661,Talita Bernardo,4.209812165279098e+29
662,Hugo Viana,4.202880151961813e+29
663,Ryan Jensen,4.19612620189912e+29
664,Leonard Garcia,4.192023873888992e+29
665,Mark Hominick,4.1899061021768474e+29
666,Ketlen Vieira,4.167601430736624e+29
667,Luigi Fioravanti,4.160329143927861e+29
668,Kyle Bochniak,4.153342280348365e+29
669,Hannah Cifers,4.1467601218538824e+29
670,Henry Briones,4.137628996151181e+29
671,Abdul Razak Alhassan,4.1348410687529105e+29
672,Elvis Sinosic,4.127562960284438e+29
673,Nick Ring,4.124196904410927e+29
674,Dominique Steele,4.1204537187639634e+29
675,Jimy Hettes,4.076329386664813e+29
676,Nina Ansaroff,4.0622204624444334e+29
677,Polo Reyes,4.060654273922866e+29
678,Gadzhimurad Antigulov,4.0447385417418264e+29
679,Francimar Barroso,4.0317108191329665e+29
680,Germaine de Randamie,4.014175475770276e+29
681,David Loiseau,3.986135216829712e+29
682,Juliana Lima,3.9829935759453896e+29
683,Justine Kish,3.978986030958839e+29
684,Caol Uno,3.976007185654299e+29
685,Lance Benoist,3.975020686274207e+29
686,Kalib Starnes,3.9610778652315184e+29
687,Bobby Nash,3.956188041109652e+29
688,Paul Taylor,3.938805300169536e+29
689,Stanislav Nedkov,3.935960019691938e+29
690,Valmir Lazaro,3.922838944340156e+29
691,Ricky Simon,3.916378456075094e+29
692,Chris Gruetzemacher,3.896820313701889e+29
693,Mara Romero Borella,3.888502302766772e+29
694,Lina Lansberg,3.8804006735147024e+29
695,Daniel Pineda,3.872474850132788e+29
696,Omari Akhmedov,3.868070197424417e+29
697,Christian Morecraft,3.866583654138648e+29
698,Chris Clements,3.8660811266606625e+29
699,Caio Magalhaes,3.859214734321874e+29
700,Tim Johnson,3.857852387953339e+29
701,Sage Northcutt,3.855618198084217e+29
702,Jason Lambert,3.843441249696489e+29
703,Ryan Janes,3.8420382189300346e+29
704,Kuniyoshi Hironaka,3.815660428900437e+29
705,Yves Jabouin,3.8099844703159896e+29
706,Enrique Barzola,3.808842160693906e+29
707,Paul Daley,3.7996247720280674e+29
708,Kurt Holobaugh,3.798956714322743e+29
709,Calvin Kattar,3.782718046032937e+29
710,Guido Cannetti,3.7820547460017545e+29
711,Chris Beal,3.7769303557538556e+29
712,Jalin Turner,3.7734439697198375e+29
713,Akbarh Arreola,3.7692273676898035e+29
714,Cyril Asker,3.7666146139029365e+29
715,Marco Beltran,3.760551163750526e+29
716,Nick Roehrick,3.7421826458232724e+29
717,James Moontasri,3.7334803376506206e+29
718,Joseph Morales,3.7275060496271276e+29
719,Ivan Menjivar,3.716464613324847e+29
720,Augusto Mendes,3.7162667018544866e+29
721,Alvin Robinson,3.695660319494186e+29
722,Chase Sherman,3.684349042911078e+29
723,Sijara Eubanks,3.68296872478461e+29
724,Kevin Casey,3.679516906243856e+29
725,Neil Seery,3.62853549543526e+29
726,Alonzo Menifield,3.626468336836782e+29
727,Dan Lauzon,3.624891088755794e+29
728,Tra Telligman,3.6230147364202215e+29
729,Ricardo Funch,3.6192038873291674e+29
730,Issei Tamura,3.615689460438815e+29
731,Carlos Eduardo Rocha,3.614782566883804e+29
732,Tatiana Suarez,3.599365280485278e+29
733,Jorge Gurgel,3.586880777356934e+29
734,Sung Bin Jo,3.5858726122436725e+29
735,Marc-Andre Barriault,3.585747504555891e+29
736,Pawel Pawlak,3.583098400751747e+29
737,Magomed Bibulatov,3.576532773571237e+29
738,Rodrigo de Lima,3.5744792473051845e+29
739,Elias Silverio,3.55541219432773e+29
740,Arjan Bhullar,3.5499088448457806e+29
741,Nasrat Haqparast,3.538384970563614e+29
742,Goran Reljic,3.5312863734918486e+29
743,Gasan Umalatov,3.530630290087443e+29
744,Gabriel Silva,3.520470720169373e+29
745,Ron Stallings,3.516539831547941e+29
746,Dean Lister,3.500852697162875e+29
747,Jessica Penne,3.489043340600268e+29
748,Roger Hollett,3.484776074305547e+29
749,Igor Araujo,3.4784438584997596e+29
750,Masanori Kanehara,3.474474918510815e+29
751,Sheymon Moraes,3.4545406282955606e+29
752,Din Thomas,3.450070151691525e+29
753,Fredy Serrano,3.436570810786006e+29
754,Roger Narvaez,3.421328976878856e+29
755,Laureano Staropoli,3.41016508829014e+29
756,Naoyuki Kotani,3.4055901360081295e+29
757,Charles Byrd,3.404024864573685e+29
758,Mehdi Baghdad,3.3986830729168195e+29
759,Marcio Alexandre Junior,3.395732143518097e+29
760,Bojan Velickovic,3.3895232223539036e+29
761,Justin Salas,3.383688898345127e+29
762,Chris Kelades,3.382126534517355e+29
763,Justin Willis,3.379923936112554e+29
764,Davi Ramos,3.379250670457708e+29
765,Takenori Sato,3.376905436032764e+29
766,Paul Kelly,3.339503062374995e+29
767,Julianna Pena,3.329615548515204e+29
768,Jon Delos Reyes,3.3284863158961845e+29
769,Viktor Pesta,3.3283330576905475e+29
770,Daniel Sarafian,3.322488577774976e+29
771,JJ Aldrich,3.31719341203365e+29
772,Tonya Evinger,3.313518407471259e+29
773,Mike Rhodes,3.310810334034982e+29
774,Steve Cantwell,3.3021508019658495e+29
775,Bobby Voelker,3.300421868946832e+29
776,Gilbert Yvel,3.2973349721089676e+29
777,Ariane Lipski,3.284487563441579e+29
778,Oliver Enkamp,3.276590670053008e+29
779,Chris Avila,3.273799319653317e+29
780,Xiaonan Yan,3.263084365240429e+29
781,Antoni Hardonk,3.261714437166262e+29
782,Anton Zafir,3.26028577788983e+29
783,Kalindra Faria,3.254616875525619e+29
784,Forrest Petz,3.2540714310591504e+29
785,Gillian Robertson,3.231220315457094e+29
786,Danny Martinez,3.226965539877872e+29
787,Liana Jojua,3.214465733868669e+29
788,Simeon Thoresen,3.21214963510015e+29
789,Patrick Williams,3.210384763391852e+29
790,Luis Pena,3.207205735823389e+29
791,Matt Bessette,3.206248130637046e+29
792,Marcus Aurelio,3.205557898945617e+29
793,Bart Palaszewski,3.196509138681713e+29
794,Vinny Magalhaes,3.194030647309144e+29
795,Michael McBride,3.190234149935419e+29
796,Benito Lopez,3.184689315601053e+29
797,Sabina Mazo,3.178809675152865e+29
798,Jodie Esquibel,3.17812234368756e+29
799,Alex Nicholson,3.174214172164295e+29
800,Jake Hecht,3.1584772835873564e+29
801,Brian Melancon,3.1545145532540965e+29
802,Marcin Held,3.148765159686021e+29
803,Darrell Montague,3.1473895849816438e+29
804,Mitch Gagnon,3.147128401149985e+29
805,Levan Makashvili,3.1267443116038563e+29
806,Craig White,3.11703608514059e+29
807,Chad Griggs,3.1117179089592168e+29
808,Julian Marquez,3.1095102735615162e+29
809,Roger Huerta,3.10848195759167e+29
810,Kevin Souza,3.104858888317002e+29
811,Kyle Bradley,3.0990410359630253e+29
812,Aaron Riley,3.0825649912219133e+29
813,Ricardo Romero,3.0823746555264114e+29
814,Ricardo Ramos,3.081795814159389e+29
815,Cung Le,3.07743931612077e+29
816,Chico Camus,3.0691002042975735e+29
817,Aaron Rosa,3.0663185677163027e+29
818,Nick Osipczak,3.0503997255365156e+29
819,Scott Smith,3.0475567440377243e+29
820,Luan Chagas,3.0459010663961363e+29
821,Kimo Leopoldo,3.045731314103104e+29
822,Matt Grice,3.0443314283061583e+29
823,Johnny Bedford,3.020191175862831e+29
824,Hernani Perpetuo,3.0171963461705952e+29
825,Vitor Miranda,3.0116856532521748e+29
826,Paige VanZant,3.009192131050238e+29
827,Makwan Amirkhani,3.009060996506423e+29
828,Wang Guan,2.9949315945042446e+29
829,Steve Kennedy,2.9865841760323467e+29
830,Anthony Birchak,2.972090812454817e+29
831,Roldan Sangcha-an,2.9645508158314945e+29
832,Mike Rio,2.9634085473549013e+29
833,Jocelyn Jones-Lybarger,2.9620865332836268e+29
834,Dong Hyun Ma,2.958775693762659e+29
835,Mario Miranda,2.9471270661213223e+29
836,Carlos Huachin,2.943093886010883e+29
837,Shane Campbell,2.9427141225731535e+29
838,Sabah Homasi,2.942049094297424e+29
839,Adam Milstead,2.938732123932552e+29
840,Zelim Imadaev,2.938608778441575e+29
841,Kevin Burns,2.935929930389205e+29
842,John Maguire,2.9295727117527846e+29
843,Jason Miller,2.925267630793275e+29
844,Valerie Letourneau,2.9236773163387134e+29
845,Chris de la Rocha,2.9011328700176603e+29
846,Brad Blackburn,2.8990816935899967e+29
847,Paul Buentello,2.8936711206315e+29
848,Rory Singer,2.891223971835633e+29
849,Ramsey Nijem,2.883131722502796e+29
850,Scott Askham,2.8691500583769033e+29
851,Marvin Vettori,2.8656500090302368e+29
852,Ashley Yoder,2.865295356317592e+29
853,Leandro Issa,2.8523703423314286e+29
854,Shane del Rosario,2.8496396234899026e+29
855,Shane Nelson,2.8490572978402643e+29
856,Ricco Rodriguez,2.8465315884930515e+29
857,Matt Dwyer,2.8458237162855734e+29
858,Wellington Turman,2.8448637383441462e+29
859,Jason Day,2.8344485388304715e+29
860,Mike Russow,2.833882783074099e+29
861,Melinda Fabian,2.8325368324433132e+29
862,Eddie Yagin,2.8252779718553282e+29
863,Joey Gambino,2.8176956338082804e+29
864,Daniel Spitz,2.809530735006961e+29
865,Ricky Rainey,2.7973629352820473e+29
866,Pablo Garza,2.7921448519067255e+29
867,Amanda Cooper,2.7827063006950066e+29
868,Elvis Mutapcic,2.7810302164612227e+29
869,Eddie Gordon,2.777708580663796e+29
870,Darko Stosic,2.7719381416883987e+29
871,Reese Andy,2.7687675194566236e+29
872,Dalcha Lungiambula,2.757590806397942e+29
873,Jesse Ronson,2.7572233360146234e+29
874,Cody Donovan,2.7476652775912825e+29
875,Mackenzie Dern,2.7465772937877246e+29
876,JC Cottrell,2.7460644375517757e+29
877,Su Mudaerji,2.7425689437414332e+29
878,Kennedy Nzechukwu,2.7424791308703777e+29
879,Kwan Ho Kwak,2.7404684600574565e+29
880,Tom Breese,2.7392601189906454e+29
881,Loma Lookboonmee,2.725746071764002e+29
882,Niklas Backstrom,2.725563534221111e+29
883,Matt Veach,2.7240812874449836e+29
884,Eric Wisely,2.72407448924647e+29
885,Ashlee Evans-Smith,2.7238873763098256e+29
886,Steve Bosse,2.715821501752293e+29
887,Cody Gibson,2.7145342901272546e+29
888,Kyle Prepolec,2.7086779934765836e+29
889,Philip De Fries,2.694231119949887e+29
890,Brian Camozzi,2.6894491473546386e+29
891,Dustin Kimura,2.6884106291578783e+29
892,Daichi Abe,2.6866703735041765e+29
893,Louis Gaudinot,2.684343220130962e+29
894,John Cholish,2.681793965077682e+29
895,Josh Grispi,2.679405281717439e+29
896,Tor Troeng,2.6688881989783913e+29
897,Dustin Pague,2.652314749970064e+29
898,Tae Hyun Bang,2.6518066662622925e+29
899,Carlo Pedersoli,2.646929018657838e+29
900,Ryan Couture,2.6327514102197698e+29
901,Anthony Hernandez,2.6307586083167136e+29
902,Kevin Aguilar,2.6294714830277538e+29
903,Roger Bowling,2.6220667600276725e+29
904,Jimmy Crute,2.621887407609846e+29
905,Tom Niinimaki,2.6153950665606077e+29
906,Michal Oleksiejczuk,2.61350222746312e+29
907,Martin Bravo,2.5964716999355695e+29
908,Drew Fickett,2.5912848530140427e+29
909,Julia Avila,2.5894276587648107e+29
910,Sean McCorkle,2.5887644037637162e+29
911,Weili Zhang,2.5886922166546233e+29
912,John Phillips,2.586459503834522e+29
913,Bubba Bush,2.5850284707974168e+29
914,Joey Gomez,2.5820812967211747e+29
915,Yoshiyuki Yoshida,2.5716126229395432e+29
916,Jay Silva,2.5685120053256558e+29
917,Maryna Moroz,2.568509647703829e+29
918,Jessica Aguilar,2.5661427710528075e+29
919,Brian Bowles,2.5656479942208307e+29
920,Diego Rivas,2.5609036523172535e+29
921,TJ O'Brien,2.5462321490982745e+29
922,Bruno Santos,2.5393276570116523e+29
923,Jessin Ayari,2.527616371195474e+29
924,Markus Perez,2.521616127952024e+29
925,Eiji Mitsuoka,2.5201643166831487e+29
926,Sean Soriano,2.5195143589526356e+29
927,Mats Nilsson,2.5175354909449476e+29
928,John Salter,2.504252830746648e+29
929,Brendan Allen,2.496792970723657e+29
930,John Albert,2.4894275874750843e+29
931,Jeff Monson,2.480730541266854e+29
932,Hakeem Dawodu,2.4740035710842367e+29
933,Rob Whiteford,2.4693174998478435e+29
934,Austin Hubbard,2.4533425119432526e+29
935,Nate Mohr,2.4447671966280698e+29
936,Roxanne Modafferi,2.4432636252028984e+29
937,Barb Honchak,2.4398542568300326e+29
938,Joshua Sampo,2.4378117395204552e+29
939,Veronica Macedo,2.4346901013340223e+29
940,Liu Pingyuan,2.434300379486229e+29
941,Brendan O'Reilly,2.433157745845735e+29
942,Leonardo Mafra,2.4324730356926164e+29
943,Tsuyoshi Kohsaka,2.427173787723627e+29
944,Vagner Rocha,2.4264328738691972e+29
945,Jake Rosholt,2.4186048297534863e+29
946,Jason High,2.4182872315765904e+29
947,Syuri Kondo,2.4124100256021926e+29
948,Christian Wellisch,2.4081420333506053e+29
949,Montana De La Rosa,2.4011708817403756e+29
950,Jerrod Sanders,2.4004184954553697e+29
951,Edwin Figueroa,2.393715218620095e+29
952,Luigi Vendramini,2.3926314053381658e+29
953,Ariane Carnelossi,2.389378940884785e+29
954,Brock Jardine,2.3866612358062e+29
955,Tim Credeur,2.3771991701946013e+29
956,Joe Brammer,2.3732195240758484e+29
957,Paul Craig,2.3731712992709194e+29
958,Devonte Smith,2.369600142559295e+29
959,Dongi Yang,2.3668204790495217e+29
960,Lucio Linhares,2.3651017988394195e+29
961,Claude Patrick,2.363740293625097e+29
962,Dave Menne,2.3622705245939855e+29
963,Brian Foster,2.3543175673094445e+29
964,Alberto Mina,2.353288079423811e+29
965,Ronys Torres,2.350560304063988e+29
966,Austin Arnett,2.3425520571801044e+29
967,Klidson Abreu,2.341585913883761e+29
968,Mike Wilkinson,2.337409949435697e+29
969,Charles Rosa,2.3371747147581532e+29
970,Junior Assuncao,2.3345290571208465e+29
971,Assuerio Silva,2.3219814439758486e+29
972,Marvin Eastman,2.321152577448551e+29
973,Sergei Pavlovich,2.312946255622359e+29
974,Alvaro Herrera,2.310670162551965e+29
975,Carlo Prater,2.3096925667673458e+29
976,Yan Cabral,2.3061259487585894e+29
977,Nathaniel Wood,2.3048670909653493e+29
978,Estevan Payan,2.301722224717004e+29
979,Viscardi Andrade,2.2929522487357732e+29
980,Rodney Wallace,2.2909833445465066e+29
981,Henrique da Silva,2.286560024596673e+29
982,Ernest Chavez,2.2857924683515598e+29
983,Paul Redmond,2.282685000047426e+29
984,Eddie Sanchez,2.277861173757284e+29
985,Denis Kang,2.2751423246551745e+29
986,Edward Faaloloto,2.2706451373417912e+29
987,Yusuke Kasuya,2.2685244002077942e+29
988,Walel Watson,2.26814774573781e+29
989,Antonio Braga Neto,2.2620409029744746e+29
990,Jeremy Kimball,2.261505183812032e+29
991,Pete Williams,2.2590695489274752e+29
992,Josh Copeland,2.2468225919108317e+29
993,Augusto Montano,2.2396627586918075e+29
994,Jesse Lennox,2.2396169087172108e+29
995,Jeremy Kennedy,2.2389759084213566e+29
996,Riki Fukuda,2.2385186856849853e+29
997,David Mitchell,2.2368991458717343e+29
998,Michel Pereira,2.2357710792268385e+29
999,Aaron Phillips,2.2259937665611143e+29
1000,Will Chope,2.2221600224857904e+29
1001,Murilo Bustamante,2.219970399680272e+29
1002,Renee Forte,2.213810296678771e+29
1003,Greg Soto,2.211958424015056e+29
1004,Merab Dvalishvili,2.2094064907709382e+29
1005,Dylan Andrews,2.1828085504976324e+29
1006,Felipe Olivieri,2.1780070617739184e+29
1007,Gan McGee,2.1778236328568874e+29
1008,Luke Barnatt,2.175824797782237e+29
1009,Matt Lindland,2.1710368767423338e+29
1010,Cody East,2.1701656864391706e+29
1011,Ryan Benoit,2.168592542568969e+29
1012,Xavier Foupa-Pokam,2.1611355040396085e+29
1013,Kron Gracie,2.153703627638673e+29
1014,Curt Warburton,2.1526776723018554e+29
1015,Bobby Hoffman,2.1448589606765595e+29
1016,Kamal Shalorus,2.139693359760894e+29
1017,Vinicius Moreira,2.1363603963641442e+29
1018,Waylon Lowe,2.1337037349489393e+29
1019,Gabe Ruediger,2.1262612730506553e+29
1020,Mickael Lebout,2.1204284838177705e+29
1021,Joachim Christensen,2.1174065914840257e+29
1022,Jumabieke Tuerxun,2.1156322227255072e+29
1023,Steve Steinbeiss,2.1116206070429037e+29
1024,Marcus Brimage,2.111235232747966e+29
1025,Bradley Scott,2.1099608583730715e+29
1026,Henry Martinez,2.1061380515385117e+29
1027,Mike Davis,2.1051167859945163e+29
1028,Masio Fullen,2.1011499514653845e+29
1029,Yui Chul Nam,2.098918713105137e+29
1030,David Bielkheden,2.0857947042893012e+29
1031,Jordan Radev,2.0853826051265123e+29
1032,Jesse Forbes,2.0803625915570786e+29
1033,Grant Dawson,2.0798649562955095e+29
1034,Jonavin Webb,2.0781352005440004e+29
1035,Thiago Moises,2.0781005062525538e+29
1036,Marco Ruas,2.070922281459342e+29
1037,Chance Rencountre,2.068873774251572e+29
1038,Carlos Newton,2.06618793040514e+29
1039,Andreas Stahl,2.065865807242719e+29
1040,Leslie Smith,2.06334294543329e+29
1041,Damon Jackson,2.0618723338536294e+29
1042,Roland Delorme,2.0605247543719605e+29
1043,Dan Ige,2.0603822004728823e+29
1044,Terrion Ware,2.051621500231802e+29
1045,Shamar Bailey,2.0499236970127073e+29
1046,Paul Varelans,2.0486010158672803e+29
1047,Mike Brown,2.047337582659257e+29
1048,Jason Young,2.045560031416775e+29
1049,Jonathan Wilson,2.0447023557129693e+29
1050,Mike van Arsdale,2.043974523738618e+29
1051,Hector Urbina,2.029726004558225e+29
1052,Tiequan Zhang,2.0284301852857877e+29
1053,Garreth McLellan,2.024749656536621e+29
1054,Luke Cummo,2.0245465255828283e+29
1055,Mostapha Al-Turk,2.0231722673621185e+29
1056,Antonio Dos Santos,2.0143613214608092e+29
1057,Jake Lindsey,1.998293401027313e+29
1058,Ivan Salaverry,1.9967426671974375e+29
1059,Matt Hobar,1.9965904440599234e+29
1060,Richard Walsh,1.9950214549914954e+29
1061,Alex Da Silva,1.9869603892825405e+29
1062,Royce Gracie,1.985912151780821e+29
1063,Dokonjonosuke Mishima,1.9857764313346114e+29
1064,Davey Grant,1.98218234236894e+29
1065,Ismail Naurdiev,1.9820606504941843e+29
1066,Alexandre Ferreira,1.9701039499912635e+29
1067,Rin Nakai,1.95946742835905e+29
1068,Mark Hall,1.9586943075690005e+29
1069,Taila Santos,1.955847318607142e+29
1070,Priscila Cachoeira,1.941637473383963e+29
1071,Trevor Prangley,1.9400577338286103e+29
1072,Tom DeBlass,1.9376160108218765e+29
1073,Teemu Packalen,1.9331914640912715e+29
1074,Marcos Mariano,1.9330126303608695e+29
1075,Renato Verissimo,1.9322270014969524e+29
1076,Leonardo Augusto Leleco,1.9313333701797143e+29
1077,Ning Guangyou,1.9290917279217383e+29
1078,Megan Anderson,1.9254752409666857e+29
1079,Tony Sims,1.9250796693499587e+29
1080,Taylor Lapilus,1.9185350605743962e+29
1081,Pat Miletich,1.9164487867639287e+29
1082,Brian Johnston,1.9135927183906754e+29
1083,Ildemar Alcantara,1.9127335585319704e+29
1084,Fernando Bruno,1.9122562771499967e+29
1085,Jonathan Meunier,1.9067871140075326e+29
1086,Glaico Franca,1.9053493821078222e+29
1087,Paul Bradley,1.9048039887315302e+29
1088,Zarah Fairn,1.9016400924922866e+29
1089,Chase Gormley,1.9008342988940855e+29
1090,Leo Kuntz,1.894492587238385e+29
1091,Steve Lopez,1.8941122685150537e+29
1092,Sean Salmon,1.8904921729663717e+29
1093,Junior Hernandez,1.886848692191645e+29
1094,Amilcar Alves,1.8838216070996945e+29
1095,Jess Liaudin,1.88124484383591e+29
1096,Vanessa Melo,1.880036598541891e+29
1097,Poliana Botelho,1.8798707329108954e+29
1098,Edwin DeWees,1.8786531674999807e+29
1099,Alexandra Albu,1.87825198721968e+29
1100,Todd Brown,1.8761757721792503e+29
1101,Mark Eddiva,1.8757049043746983e+29
1102,Anthony Lapsley,1.873613285229445e+29
1103,Mike Rodriguez,1.869283614194657e+29
1104,Adlan Amagov,1.8645089188542853e+29
1105,Jesse Taylor,1.8589503649441937e+29
1106,Marcel Fortuna,1.8555880243874015e+29
1107,Joe Merritt,1.8547583556180728e+29
1108,Journey Newson,1.8444623905076343e+29
1109,Matthew Riddle,1.8437322998296847e+29
1110,Garett Whiteley,1.8393509921731815e+29
1111,Karlos Vemola,1.8351835440648407e+29
1112,Reginaldo Vieira,1.834241844961689e+29
1113,Papy Abedi,1.833384743282887e+29
1114,Anna Elmose,1.833221802140329e+29
1115,Mike Stumpf,1.8128822920030005e+29
1116,Chris Price,1.811796229632296e+29
1117,Shane Howell,1.8031627893128492e+29
1118,Adam Wieczorek,1.8016669078566015e+29
1119,Galore Bofando,1.7970499751430165e+29
1120,Richardson Moreira,1.7966437400541296e+29
1121,Arman Tsarukyan,1.7901793046629797e+29
1122,Tim Hague,1.7893624969267703e+29
1123,Jordan Johnson,1.788371521516208e+29
1124,Saparbeg Safarov,1.788034123625275e+29
1125,Andy Enz,1.786870873390372e+29
1126,John Gunderson,1.782971375187009e+29
1127,Jarred Brooks,1.78021005995825e+29
1128,Nathan Coy,1.7781522636613706e+29
1129,Jay Hieron,1.7736305353812616e+29
1130,Daniel Jolly,1.7728900586967664e+29
1131,Mark Godbeer,1.771649655747028e+29
1132,Heath Herring,1.7569936415197677e+29
1133,Mike Guymon,1.754039773845831e+29
1134,Jordan Espinosa,1.7533045074492615e+29
1135,Elizabeth Phillips,1.7511014222757615e+29
1136,Oskar Piechota,1.7474731713353755e+29
1137,Shonie Carter,1.7462582563405406e+29
1138,Roberto Sanchez,1.742160573715718e+29
1139,Rodolfo Vieira,1.7420076959843613e+29
1140,Tateki Matsuda,1.7395726919207544e+29
1141,Antonio Carvalho,1.7350916259934577e+29
1142,Juan Puig,1.7328813832503534e+29
1143,Paddy Holohan,1.7322360090809592e+29
1144,Alex Reyes,1.7306613771831084e+29
1145,Guto Inocente,1.727554785747309e+29
1146,Damir Ismagulov,1.7243402000658883e+29
1147,Joe Charles,1.7232570490381205e+29
1148,Marcelo Golm,1.721186098969634e+29
1149,Leonardo Morales,1.7199709752420007e+29
1150,John Gunther,1.7161932822516638e+29
1151,Jack May,1.7146878094206276e+29
1152,Gavin Tucker,1.707766875466127e+29
1153,Nohelin Hernandez,1.702105163246208e+29
1154,Mike Santiago,1.699096917224198e+29
1155,Tim Williams,1.695997220433243e+29
1156,Edmen Shahbazyan,1.6955045950262923e+29
1157,Lauren Mueller,1.6940688742603426e+29
1158,Randy Costa,1.6910258696961706e+29
1159,Takashi Sato,1.686941201524178e+29
1160,Tomasz Drwal,1.6852485936193732e+29
1161,Molly McCann,1.676458468096706e+29
1162,Michael Patt,1.6699197007587122e+29
1163,Ji Yeon Kim,1.6692869433752555e+29
1164,Jesus Pinedo,1.669192091703933e+29
1165,CJ Keith,1.667614328066921e+29
1166,Dwight Grant,1.665480110446332e+29
1167,Charles McCarthy,1.6609638920798994e+29
1168,Buddy Roberts,1.655668015666658e+29
1169,Rolando Delgado,1.655364129422824e+29
1170,Dmitrii Smoliakov,1.653140541846486e+29
1171,Reuben Duran,1.646970106734485e+29
1172,Clay Harvison,1.6389196179164426e+29
1173,Jeff Cox,1.6315550489039117e+29
1174,Kazuki Tokudome,1.6302915240391704e+29
1175,Jake O'Brien,1.623265240035246e+29
1176,Semmy Schilt,1.6194443730482028e+29
1177,Cody Pfister,1.61714328013908e+29
1178,Jens Pulver,1.615232551640829e+29
1179,Jason Von Flue,1.6118028097014508e+29
1180,Jeff Curran,1.6090742366715084e+29
1181,Shayna Baszler,1.6089649329253496e+29
1182,Alberto Crane,1.5972537824404113e+29
1183,Alessandro Ricci,1.5943375361566437e+29
1184,Carmelo Marrero,1.592335347693978e+29
1185,Hyun Gyu Lim,1.5866850138176174e+29
1186,Stefan Sekulic,1.5842402758806079e+29
1187,Marcin Prachnio,1.581068924163998e+29
1188,Che Mills,1.5790576433441352e+29
1189,Rob Wilkinson,1.577347355828558e+29
1190,Muslim Salikhov,1.5701826238011239e+29
1191,Polyana Viana,1.5700679993124415e+29
1192,Colton Smith,1.5630254057688354e+29
1193,Ednaldo Oliveira,1.558609417950427e+29
1194,Rafael Fiziev,1.5532762664894741e+29
1195,Kris McCray,1.552681496199205e+29
1196,Josh Ferguson,1.5522077540970885e+29
1197,Angela Magana,1.5503629464921034e+29
1198,Rob Kimmons,1.5482369252361882e+29
1199,Shinsho Anzai,1.544117713432284e+29
1200,Danny Downes,1.543852050865437e+29
1201,Luana Carolina,1.5413266416184156e+29
1202,Chris Wilson,1.5363788396350992e+29
1203,Zubaira Tukhugov,1.5340616410325323e+29
1204,David Terrell,1.5320601821575711e+29
1205,Larissa Pacheco,1.5303309272182662e+29
1206,Jake Collier,1.5259067292735792e+29
1207,Travis Wiuff,1.5237026544106106e+29
1208,Joe Vedepo,1.5217725808632293e+29
1209,Jason Godsey,1.5183844397450101e+29
1210,Yosdenis Cedeno,1.5171314164542244e+29
1211,Colin Robinson,1.5170595919572072e+29
1212,Alen Amedovski,1.5162780326876223e+29
1213,Konstantin Erokhin,1.5160523516922498e+29
1214,Sirwan Kakai,1.5137165958354626e+29
1215,Brad Katona,1.513527196576613e+29
1216,Wagner Prado,1.5108532370284933e+29
1217,Julio Paulino,1.5103421280915861e+29
1218,Pascal Krauss,1.5067913357254634e+29
1219,Jamie Moyle,1.5051953312993847e+29
1220,Marcio Cruz,1.4973441507054276e+29
1221,Pete Spratt,1.4960826763832815e+29
1222,James Wilks,1.493795530799742e+29
1223,Hector Ramirez,1.4925295901053569e+29
1224,Jim Alers,1.492059042336463e+29
1225,Naoki Inoue,1.4857896541867355e+29
1226,Besam Yousef,1.4796220639388506e+29
1227,Raulian Paiva,1.4735908183690462e+29
1228,Don Frye,1.4724473512908499e+29
1229,Jordan Griffin,1.4644829057386174e+29
1230,Seth Petruzelli,1.464255423129807e+29
1231,Dan Christison,1.4634268649566016e+29
1232,Josh Stansbury,1.460920914364973e+29
1233,Quinn Mulhern,1.4592927180895535e+29
1234,Rich Attonito,1.4580264039028335e+29
1235,Lewis Gonzalez,1.4579231230909294e+29
1236,Samy Schiavo,1.4566071521589808e+29
1237,Erick Montano,1.4516163750171265e+29
1238,Michel Quinones,1.4505142452464525e+29
1239,Pat Audinwood,1.4442329583753611e+29
1240,Branden Lee Hinkle,1.4221175358272306e+29
1241,Nicolae Negumereanu,1.416589116966671e+29
1242,Dave Beneteau,1.415110041079404e+29
1243,Ryo Chonan,1.4124780159536818e+29
1244,Enrique Marin,1.4104629400184387e+29
1245,Callan Potter,1.4091879110765213e+29
1246,Phil Harris,1.4052472378704332e+29
1247,Justin McCully,1.4044296219007104e+29
1248,Doug Evans,1.3994073080901418e+29
1249,Maurice Smith,1.3983087683802064e+29
1250,Jorge de Oliveira,1.3957413111902807e+29
1251,Milana Dudieva,1.3941765303972087e+29
1252,Matt Van Buren,1.391416277725062e+29
1253,Luke Jumeau,1.3899171303996222e+29
1254,Kenan Song,1.3827415781150056e+29
1255,Azamat Gashimov,1.3748523811035797e+29
1256,Thiago Perpetuo,1.3709809807665395e+29
1257,Jason Gilliam,1.368889341497023e+29
1258,Jorge Lopez,1.363717613329614e+29
1259,Jared Papazian,1.3583711549970465e+29
1260,Jeremy Jackson,1.3583575120697523e+29
1261,Anton Kuivanen,1.352072404952055e+29
1262,Maurice Greene,1.3465351443909303e+29
1263,Rostem Akman,1.3459808190292773e+29
1264,Tommy Hayden,1.3454156335031985e+29
1265,Tony DeSouza,1.3450743475248121e+29
1266,Daniel Teymur,1.3286690801122801e+29
1267,Rory Markham,1.326363653067058e+29
1268,Anderson Dos Santos,1.3167307840840308e+29
1269,Ramazan Emeev,1.3118456944092928e+29
1270,Shane Young,1.3101158257073056e+29
1271,Sam Adkins,1.3019619795806458e+29
1272,Alexandre Barros,1.3015420025997936e+29
1273,Ivan Jorge,1.2966011802278528e+29
1274,Felicia Spencer,1.295035759004783e+29
1275,Scott Junk,1.294284182672619e+29
1276,Dustin Jacoby,1.2885826110593519e+29
1277,Vernon White,1.2835968235407274e+29
1278,Jesse Sanders,1.283058195690182e+29
1279,Sarah Kaufman,1.2814208504425561e+29
1280,Darren Uyenoyama,1.2794776995449933e+29
1281,Clifford Starks,1.2757025515830473e+29
1282,Kenichi Yamamoto,1.2677019848287246e+29
1283,Joe Jordan,1.2674254839051196e+29
1284,Junie Browning,1.263537096135933e+29
1285,Maki Pitolo,1.2625793209377385e+29
1286,Virna Jandiroba,1.2613555392771455e+29
1287,Ian Entwistle,1.2582678186585014e+29
1288,Tom Gallicchio,1.2547704394539691e+29
1289,Serghei Spivac,1.2529181464196159e+29
1290,Nick Pace,1.2518040810433678e+29
1291,David Michaud,1.2500097235294788e+29
1292,Keith Hackney,1.2403647856292859e+29
1293,Luke Caudillo,1.2308266117256673e+29
1294,Luis Ramos,1.2254793376371745e+29
1295,Frankie Perez,1.2141605700200053e+29
1296,Eric Shelton,1.2120910924849206e+29
1297,Rameau Thierry Sokoudjou,1.2116997881412365e+29
1298,Marcelo Guimaraes,1.2056963156073297e+29
1299,Justin Lawrence,1.2041359953064926e+29
1300,Chris Cope,1.2005431038047204e+29
1301,Josh Shockley,1.1998365479995713e+29
1302,James Toney,1.197245326102744e+29
1303,Antonio Mendes,1.1957581121614311e+29
1304,Caros Fodor,1.1776708171877253e+29
1305,Joe Gigliotti,1.1757256104619647e+29
1306,Alptekin Ozkilic,1.1691209745268317e+29
1307,Danny Henry,1.1646217987221845e+29
1308,Rob Broughton,1.1604895885060712e+29
1309,Oli Thompson,1.1602049138863196e+29
1310,Magomed Ankalaev,1.1600999982529619e+29
1311,Motonobu Tezuka,1.1577844928672264e+29
1312,Tiki Ghosn,1.1573207227102814e+29
1313,Nick Penner,1.1507971085043712e+29
1314,Vik Grujic,1.1481307728243497e+29
1315,Bojan Mihajlovic,1.1472309021048394e+29
1316,Mike Nickels,1.1428741564886636e+29
1317,Cristina Stanciu,1.1424149209185155e+29
1318,Willamy Freire,1.1415948505743216e+29
1319,Julian Erosa,1.141274105458677e+29
1320,Gary Goodridge,1.1295549595731871e+29
1321,Paul Georgieff,1.1291009901034512e+29
1322,Renzo Gracie,1.1264512175912239e+29
1323,Bryce Mitchell,1.1259039778215374e+29
1324,Brian Houston,1.1241205105546951e+29
1325,Arnold Allen,1.1219507082760114e+29
1326,Jarjis Danho,1.1179868475404317e+29
1327,Victor Valimaki,1.1128293133224439e+29
1328,Ryan Roberts,1.1122668464323115e+29
1329,Jon Olav Einemo,1.1103518395435221e+29
1330,Amar Suloev,1.1086063589020208e+29
1331,Keith Wisniewski,1.0992290204923412e+29
1332,Seohee Ham,1.0916215608883993e+29
1333,Justin Ledet,1.090035878779324e+29
1334,Justin Jones,1.0855815973304406e+29
1335,Mario Bautista,1.0828961541438323e+29
1336,Steve Montgomery,1.0827405191959749e+29
1337,Jon Madsen,1.0814461626320983e+29
1338,Joao Zeferino,1.080135811927668e+29
1339,Josh Clopton,1.0795334585183857e+29
1340,Nissen Osterneck,1.0793895463123945e+29
1341,Said Nurmagomedov,1.0757096837584253e+29
1342,Denis Stojnic,1.0728573468497624e+29
1343,Tom Blackledge,1.065481903295451e+29
1344,Chris Holdsworth,1.0642988515159064e+29
1345,Yoshinori Horie,1.0562137581960893e+29
1346,Josh Haynes,1.0557730688777816e+29
1347,Corey Hill,1.0509881767364043e+29
1348,Danielle Taylor,1.0486894978698838e+29
1349,Ron van Clief,1.042259814419027e+29
1350,Ian Freeman,1.0373743823156904e+29
1351,Yasuhiro Urushitani,1.0311561092976437e+29
1352,Justin Levens,1.029126403670689e+29
1353,Elias Garcia,1.0282139090873861e+29
1354,Cole Escovedo,1.0259027358417666e+29
1355,Cain Carrizosa,1.0122400740697646e+29
1356,Sheldon Westcott,1.0093031474695957e+29
1357,Ericka Almeida,1.0090939731701545e+29
1358,Justin Eilers,9.977820831904754e+28
1359,Kyle Stewart,9.92773914960595e+28
1360,Bubba McDaniel,9.913061631059221e+28
1361,Marcin Bandel,9.90841820353293e+28
1362,Wes Sims,9.906732299070306e+28
1363,Yoislandy Izquierdo,9.866978645749914e+28
1364,Matt Horwich,9.864575398059023e+28
1365,Christian Colombo,9.854797438397592e+28
1366,Ronald Jhun,9.831227077786027e+28
1367,Diego Saraiva,9.823640915921408e+28
1368,Antonio McKee,9.755613435091352e+28
1369,Bas Rutten,9.733161293849699e+28
1370,Brodie Farber,9.669661374327464e+28
1371,Falaniko Vitale,9.656927387728537e+28
1372,Damacio Page,9.647705894751527e+28
1373,Roman Salazar,9.576450073451687e+28
1374,Keith Rockel,9.569441128370866e+28
1375,Wesley Correira,9.562751007328375e+28
1376,Jimmy Wallhead,9.54194471748902e+28
1377,Jeff Hougland,9.522302188405897e+28
1378,Josh Hendricks,9.518955016711124e+28
1379,Koji Oishi,9.49011369797678e+28
1380,Jim Mullen,9.481598814181588e+28
1381,Akihiro Gono,9.389156063542817e+28
1382,Sarah Frota,9.372918485524571e+28
1383,Jason Black,9.370360599749422e+28
1384,Brian Cobb,9.290508939945966e+28
1385,Hu Yaozong,9.237351862326012e+28
1386,Luis Henrique,9.206850948849763e+28
1387,Dale Hartt,9.1697918418617e+28
1388,Dan Evensen,9.055575635476305e+28
1389,Floyd Sword,9.045890962390016e+28
1390,Gilbert Aldana,9.044876630415168e+28
1391,Cameron Dollar,9.036897536217164e+28
1392,Scott Ferrozzo,9.014131897930642e+28
1393,Anthony Christodoulou,8.991748466211994e+28
1394,Joe Moreira,8.935528379982698e+28
1395,Jinsoo Son,8.929580085937563e+28
1396,Kelly Faszholz,8.927872021652509e+28
1397,Jamall Emmers,8.898713900265036e+28
1398,Noad Lahat,8.85793408336746e+28
1399,Alexandre Dantas,8.812993725573164e+28
1400,Kit Cope,8.782595452912614e+28
1401,Wendell Oliveira,8.743176625142295e+28
1402,Mike Wessel,8.658185083685326e+28
1403,Ryan Madigan,8.648547979209313e+28
1404,Daiju Takase,8.636132412104364e+28
1405,Chris Indich,8.556897798232304e+28
1406,Allen Crowder,8.536794056040115e+28
1407,Lipeng Zhang,8.478860257133053e+28
1408,Jason Novelli,8.473310462464044e+28
1409,Mike Ricci,8.469563844145638e+28
1410,Tristan Connelly,8.424509797712012e+28
1411,Jason Dent,8.369472954655021e+28
1412,Kazuhiro Nakamura,8.327969977541804e+28
1413,Jeremy Larsen,8.286076456749305e+28
1414,Nick Thompson,8.27773457042922e+28
1415,Jessamyn Duke,8.19721975921901e+28
1416,Marcus LeVesseur,8.147161087407362e+28
1417,Rick Davis,8.051909553033249e+28
1418,Chad Reiner,8.01462476469169e+28
1419,Eugene Jackson,7.993994152802132e+28
1420,Fabiano Iha,7.972076283989486e+28
1421,Ben Wall,7.885619480357683e+28
1422,Alex Soto,7.8742122504686485e+28
1423,James Lee,7.854100033624729e+28
1424,Per Eklund,7.8421103832345555e+28
1425,Travis Fulton,7.838711984498374e+28
1426,Brock Larson,7.797845548033967e+28
1427,John Halverson,7.793631684965393e+28
1428,Dashon Johnson,7.758187238285968e+28
1429,Ansar Chalangov,7.717561225087439e+28
1430,Yoji Anjo,7.686988306710873e+28
1431,Alex Chambers,7.6836494185929195e+28
1432,Jeff Joslin,7.595623016933203e+28
1433,Kevin Jackson,7.593066889307613e+28
1434,Jason Reinhardt,7.585081007373634e+28
1435,Mike Ciesnolevicz,7.566108571842948e+28
1436,Eddie Mendez,7.513331183869423e+28
1437,Maycee Barber,7.413496581155602e+28
1438,Remco Pardoel,7.327164353727539e+28
1439,Nicco Montano,7.31649536162661e+28
1440,Brandon Wolff,7.287151995949238e+28
1441,Razak Al-Hassan,7.240809132648588e+28
1442,Zu Anyanwu,7.175268809154512e+28
1443,Donny Walker,7.168234365259908e+28
1444,Gideon Ray,7.1405559163804495e+28
1445,Kelly Dullanty,7.13440422960047e+28
1446,Troy Mandaloniz,7.0370241199252346e+28
1447,Amaury Bitetti,7.005761306763512e+28
1448,Martin Day,6.9971307133863625e+28
1449,Edilberto de Oliveira,6.9758537231666e+28
1450,Crafton Wallace,6.9458874395000706e+28
1451,Nah-Shon Burrell,6.895381252228802e+28
1452,Devin Powell,6.880084225678436e+28
1453,Tim Gorman,6.879099141604538e+28
1454,Cristiano Marcello,6.816971913188773e+28
1455,Gokhan Saki,6.797356927066328e+28
1456,Eddie Ruiz,6.78312195223541e+28
1457,Nick Agallar,6.779553929249236e+28
1458,Alex Karalexis,6.718571455016054e+28
1459,Joao Pierini,6.713258828124287e+28
1460,Hector Aldana,6.6471411891853475e+28
1461,Felix Lee Mitchell,6.569640639154659e+28
1462,Cindy Dandois,6.566931072980213e+28
1463,Minoki Ichihara,6.539940086243166e+28
1464,Ray Wizard,6.539940086243166e+28
1465,Guilherme Vasconcelos,6.528273392813067e+28
1466,John Lober,6.522055638648658e+28
1467,Andrea Lee,6.5163968969731495e+28
1468,Chris Haseman,6.502606039138769e+28
1469,Thomas Gifford,6.49901363942028e+28
1470,Viviane Pereira,6.455961889879054e+28
1471,Rex Holman,6.4108330259099655e+28
1472,Chris Gutierrez,6.392576750735838e+28
1473,Junyong Park,6.344681450373453e+28
1474,Pat Schilling,6.335813385141667e+28
1475,Tim Lajcik,6.325711103499235e+28
1476,Francisco Trevino,6.322297346120507e+28
1477,Ross Pointon,6.274892376773373e+28
1478,Matt Lucas,6.242802964918208e+28
1479,Aiemann Zahabi,6.2114221838062614e+28
1480,Luke Zachrich,6.1852886601740565e+28
1481,Ryan Thomas,6.183561182917947e+28
1482,Steven Peterson,6.117402057968789e+28
1483,Jose Maria,6.110931729676452e+28
1484,Mayra Bueno Silva,6.0408525085771055e+28
1485,Chris Heatherly,6.038457509010741e+28
1486,Homer Moore,5.970119240624379e+28
1487,Roger Zapata,5.939706946980845e+28
1488,Reza Nasri,5.934483564845165e+28
1489,Patrick Smith,5.901297856352995e+28
1490,Pearl Gonzalez,5.8814529343384475e+28
1491,Gerry Harris,5.855994613745889e+28
1492,Gil Castillo,5.81981508405749e+28
1493,Thomas Ramirez,5.817114514246286e+28
1494,Mark Holst,5.811305353472063e+28
1495,Derrick Noble,5.783404823389508e+28
1496,Yanan Wu,5.783135901471048e+28
1497,Yuri Villefort,5.624013431002942e+28
1498,Tony Petarra,5.6069845156454585e+28
1499,Brad Kohler,5.6069845156454585e+28
1500,Steve Jennum,5.578809146701804e+28
1501,Scott Morris,5.540222283806831e+28
1502,Miguel Torres,5.5397398908972065e+28
1503,Anthony Torres,5.4322788781407296e+28
1504,Anthony Macias,5.4155826229480065e+28
1505,Cal Worsham,5.410591304721668e+28
1506,Tommy Speer,5.386171467538627e+28
1507,Heather Jo Clark,5.319121741359184e+28
1508,Sam Hoger,5.235608075040187e+28
1509,Aisling Daly,5.216982856229965e+28
1510,Solomon Hutcherson,5.188638208030451e+28
1511,Raoni Barcelos,5.175301196327703e+28
1512,David Lee,5.1705363405931735e+28
1513,Ken Stone,5.14048979930782e+28
1514,Andre Gusmao,5.117931780710407e+28
1515,Julian Sanchez,5.062871583520033e+28
1516,Wes Combs,5.057942339717347e+28
1517,Richie Vaculik,5.0466982609319445e+28
1518,Ivan Serati,5.021928976247665e+28
1519,Alberto Uda,4.966088694394109e+28
1520,Jason Tan,4.923783888328499e+28
1521,Kailin Curran,4.866497508878275e+28
1522,Hayato Sakurai,4.852085083406054e+28
1523,Michael Graves,4.806813647993641e+28
1524,Paul Creighton,4.801699752212659e+28
1525,Yuki Kondo,4.786091455632392e+28
1526,Paul Jones,4.741566277319434e+28
1527,Milton Vieira,4.686080387361605e+28
1528,Filip Pejic,4.684488306408168e+28
1529,Sam Fulton,4.640816897195164e+28
1530,Rosi Sexton,4.618108912150751e+28
1531,Sean Alvarez,4.551765223025449e+28
1532,Rainy Martinez,4.528378622203207e+28
1533,Yuki Sasaki,4.491352498449954e+28
1534,Jesse Bongfeldt,4.491352498449954e+28
1535,Emily Peters Kagan,4.315660845521055e+28
1536,Jason DeLucia,4.264927094052809e+28
1537,Johnny Rhodes,4.264927094052809e+28
1538,Danny Abbadi,4.260181130150365e+28
1539,Edgar Garcia,4.259433770306423e+28
1540,Juan Adams,4.247493138052961e+28
1541,Neil Wain,4.1561121212824865e+28
1542,Cesar Arzamendia,4.149158754110921e+28
1543,David Kaplan,4.133793689297919e+28
1544,Jeff Newton,4.081118493277855e+28
1545,Bill Mahood,4.081118493277855e+28
1546,Vince Morales,4.064470025929587e+28
1547,Tiago Trator,4.06004796468028e+28
1548,Brian Gassaway,4.0032228241678325e+28
1549,Nick Sanzo,3.9551047949137215e+28
1550,Stevie Lynch,3.952467794597549e+28
1551,Nick Denis,3.9427418085949525e+28
1552,Brian Geraghty,3.8949248137272253e+28
1553,Maciej Jewtuszko,3.8949248137272253e+28
1554,Fabio Gurgel,3.863482292778131e+28
1555,Ricardo Abreu,3.8252066272218633e+28
1556,Andrei Semenov,3.7725065053289893e+28
1557,Laverne Clark,3.7451221229530912e+28
1558,Nadia Kassem,3.742601662923873e+28
1559,Byron Bloodworth,3.680946981342456e+28
1560,Jessica Rakoczy,3.6681774859207507e+28
1561,Moti Horenstein,3.663134778527741e+28
1562,Kyle Watson,3.6613598633892474e+28
1563,Kristian Rothaermel,3.6403588895168543e+28
1564,Charlie Valencia,3.6027238035649646e+28
1565,Christophe Leninger,3.5955089766979786e+28
1566,Hugo Duarte,3.560890996507943e+28
1567,Ian Loveland,3.532579459662378e+28
1568,Chanmi Jeon,3.523703086922334e+28
1569,Ernie Verdicia,3.477094338514062e+28
1570,Scott Bessac,3.477094338514062e+28
1571,Todd Medina,3.477094338514062e+28
1572,Eldo Xavier Dias,3.477094338514062e+28
1573,He-Man Gipson,3.477094338514062e+28
1574,Lee Murray,3.4456566004780603e+28
1575,Marcos Vinicius,3.428972072397497e+28
1576,Steve Bruno,3.3742708725631046e+28
1577,Allen Berube,3.17007170029066e+28
1578,Shunichi Shimizu,3.1429986387372194e+28
1579,Steve Nelmark,3.0921203001968656e+28
1580,Tony Fryklund,3.069628050105616e+28
1581,Norifumi Yamamoto,3.066526688152763e+28
1582,Jutaro Nakao,3.0449860944335704e+28
1583,Rodrigo Ruas,2.9871622582326636e+28
1584,Igor Zinoviev,2.9871622582326636e+28
1585,Michael Trizano,2.8694615295473183e+28
1586,Horacio Gutierrez,2.8694615295473183e+28
1587,Steve Berger,2.8535533497229487e+28
1588,Phil Johns,2.824766736043857e+28
1589,Chris Brennan,2.7595348764619025e+28
1590,Benji Radach,2.7252963886067807e+28
1591,Shana Dobson,2.7221479953192287e+28
1592,Rob Yundt,2.717985035964887e+28
1593,Koji Kitao,2.707887220254129e+28
1594,Ryan MacDonald,2.610100808686505e+28
1595,Ulysses Gomez,2.606485052593682e+28
1596,Scott Baker,2.570598524560194e+28
1597,Colin Fletcher,2.256268948948898e+28
1598,Johnny Rees,2.2389853822945255e+28
1599,Mikey Burnett,2.2150347051224945e+28
1600,Andre Pederneiras,2.2118158549380596e+28
1601,Danny Mitchell,2.1725670368379595e+28
1602,Brad Imes,2.122544940064662e+28
1603,Trent Jenkins,2.119023664856122e+28
1604,Zane Frazier,2.119023664856122e+28
1605,Jorge Patino,1.9420617145187933e+28
1606,John Campetella,1.9235525004898305e+28
1607,Bernardo Magalhaes,1.8915756029405416e+28
1608,Paul Herrera,1.8659216630620203e+28
1609,Katsuhisa Fujii,1.8391794895526683e+28
1610,Steve Vigneault,1.838840410126612e+28
1611,Kevin Jordan,1.8064529417687375e+28
1612,Jerry Bohlander,1.7471335956344937e+28
1613,Phillip Miller,1.720593137006629e+28
1614,Brandon Melendez,1.6686105438267808e+28
1615,Mackens Semerzier,1.5961603936078943e+28
1616,Patrick Walsh,1.5740462390554135e+28
1617,Marcus Bossett,1.5607962796328746e+28
1618,Frank Shamrock,1.5480582136981138e+28
1619,Scott Fiedler,1.5366206203571063e+28
1620,Keith Mielke,1.5366206203571063e+28
1621,Townsend Saunders,1.4498017704921897e+28
1622,Mark Schultz,1.423230033233493e+28
1623,Dwayne Cason,1.403525631190313e+28
1624,Will Campuzano,1.2852194538412447e+28
1625,Hayder Hassan,1.2143915185929677e+28
1626,Dan Cramer,1.1519255602110348e+28
1627,Lisa Ellis,9.380355423109099e+27
1628,David Heath,9.017760164086549e+27
1629,Paul Rodriguez,7.212349502445238e+27
1630,Emily Whitmire,5.694248054915738e+27
1631,Fabiano Scherner,4.933975970297024e+27
1632,Ebenezer Fontes Braga,4.2959864392434325e+27
1633,Guy Mezger,4.2349814905422294e+27
1634,Wes Albritton,1.2913117831754692e+27
1635,Yao Zhikui,0.0
1636,Tedd Williams,0.0
1637,Todd Butler,0.0
1638,Tyler Toner,0.0
1639,Suman Mokhtarian,0.0
1640,Wagner Silva,0.0
1641,Tyler Diamond,0.0
1642,Vinicius Queiroz,0.0
1643,Tina Lahdemaki,0.0
1644,Tai Bowden,0.0
1645,Tony Halme,0.0
1646,Valeri Ignatov,0.0
1647,Zach Light,0.0
1648,Tom Egan,0.0
1649,Tim McKenzie,0.0
1650,Vernon Ramos,0.0
1651,Wagner Campos,0.0
1652,Aaron Brink,0.0
1653,Stephen Bass,0.0
1654,Donnie Chappell,0.0
1655,Don'Tale Mayes,0.0
1656,Domingo Pilarte,0.0
1657,Dileno Lopes,0.0
1658,Derek Downey,0.0
1659,Delson Heleno,0.0
1660,David Velasquez,0.0
1661,David Levicki,0.0
1662,David Baron,0.0
1663,Dustin Neace,0.0
1664,Dave Strasser,0.0
1665,Darrill Schoonover,0.0
1666,Darrel Gholar,0.0
1667,Dante Rivera,0.0
1668,Danillo Villefort,0.0
1669,Dan Stittgen,0.0
1670,Dan Bobish,0.0
1671,Dan Barrera,0.0
1672,Curtis Stout,0.0
1673,Courtney Turner,0.0
1674,Dave Galera,0.0
1675,Cory Walmsley,0.0
1676,Emmanuel Yarborough,0.0
1677,Frank Caracci,0.0
1678,Jason Thacker,0.0
1679,Jason Fairn,0.0
1680,Jamie Yager,0.0
1681,James Mulheron,0.0
1682,James McSweeney,0.0
1683,James Hammortree,0.0
1684,James Giboo,0.0
1685,Izabela Badurek,0.0
1686,Humberto Brown,0.0
1687,Eugenio Tadeu,0.0
1688,Harry Moskowitz,0.0
1689,Gilbert Smith,0.0
1690,Gerard Gordeau,0.0
1691,Geraldo de Freitas,0.0
1692,Gerald Strebendt,0.0
1693,Gerald Harris,0.0
1694,Genki Sudo,0.0
1695,Fredson Paixao,0.0
1696,Fred Ettish,0.0
1697,Frank Lester,0.0
1698,Harold Howard,0.0
1699,Jay Cucciniello,0.0
1700,Cory Sandhagen,0.0
1701,Collin Hart,0.0
1702,Ben Earwood,0.0
1703,Asbel Cancio,0.0
1704,Art Jimmerson,0.0
1705,Ariel Beck,0.0
1706,Antonio Banuelos,0.0
1707,Anistavio Medeiros,0.0
1708,Andy Wang,0.0
1709,Andre Roberts,0.0
1710,An Ying Wang,0.0
1711,Benny Alloway,0.0
1712,Allan Goes,0.0
1713,Alex Torres,0.0
1714,Alex Schoenauer,0.0
1715,Alex Gorgees,0.0
1716,Alberta Cerra Leon,0.0
1717,Alan Omer,0.0
1718,Adrian Serrano,0.0
1719,Adam Cella,0.0
1720,Abner Lloveras,0.0
1721,Aaron Wilkinson,0.0
1722,Alexis Dufresne,0.0
1723,Cory Hendricks,0.0
1724,Bentley Syler,0.0
1725,Billy Miles,0.0
1726,Claudio Puelles,0.0
1727,Chuck O'Neil,0.0
1728,Christina Marks,0.0
1729,Chris Tickle,0.0
1730,Chris Saunders,0.0
1731,Chris Sanford,0.0
1732,Chris Condo,0.0
1733,Charlie Ward,0.0
1734,Carls John De Tomas,0.0
1735,Bharat Kandare,0.0
1736,Cale Yarbrough,0.0
1737,Bruno Korea,0.0
1738,Bristol Marunde,0.0
1739,Brendan Loughnane,0.0
1740,Brad Morris,0.0
1741,Brad Gumm,0.0
1742,Boston Salmon,0.0
1743,Bobby Southworth,0.0
1744,Bob Gilstrap,0.0
1745,Bob Cook,0.0
1746,CM Punk,0.0
1747,Jeff Hughes,0.0
1748,Jianping Yang,0.0
1749,Jimmy Quinlan,0.0
1750,Rachael Ostovich,0.0
1751,Peggy Morgan,0.0
1752,Pannie Kianzad,0.0
1753,Orlando Wiet,0.0
1754,Nolan Ticman,0.0
1755,Noe Hernandez,0.0
1756,Nazareno Malegarie,0.0
1757,Nate Schroeder,0.0
1758,Nate Loughran,0.0
1759,Raphael Pessoa,0.0
1760,Nandor Guelmino,0.0
1761,Movsar Evloev,0.0
1762,Mike Whitehead,0.0
1763,Mike Lullo,0.0
1764,Mike Kyle,0.0
1765,Mike King,0.0
1766,Mike Jackson,0.0
1767,Michel Batista,0.0
1768,Melton Bowen,0.0
1769,Matt Arroyo,0.0
1770,Nad Narimani,0.0
1771,Martin Svensson,0.0
1772,Richard Crunkilton,0.0
1773,Rob MacDonald,0.0
1774,Song Yadong,0.0
1775,Sherman Pendergarst,0.0
1776,Sheila Gaff,0.0
1777,Shane Primm,0.0
1778,Sean Gannon,0.0
1779,Scott Adams,0.0
1780,Sanae Kikuta,0.0
1781,Sammy Morgan,0.0
1782,Sai Wang,0.0
1783,Richie Smullen,0.0
1784,Ryan McGillivray,0.0
1785,Royston Wee,0.0
1786,Royce Alger,0.0
1787,Roman Mitichyan,0.0
1788,Rolles Gracie,0.0
1789,Roland Payne,0.0
1790,Roger Gracie,0.0
1791,Rodolfo Rubio,0.0
1792,Rocky Lee,0.0
1793,Roberto Traven,0.0
1794,Ruslan Magomedov,0.0
1795,Mark Weir,0.0
1796,Mark Scanlon,0.0
1797,Mario Neto,0.0
1798,Josh Rafferty,0.0
1799,Joseph Sandoval,0.0
1800,Jon Manley,0.0
1801,Jon Koppenhaver,0.0
1802,John Teixeira,0.0
1803,John Polakowski,0.0
1804,John Matua,0.0
1805,John Marsh,0.0
1806,John Lewis,0.0
1807,Josh Shockman,0.0
1808,John Kolosci,0.0
1809,John Cofer,0.0
1810,Joey Gilbert,0.0
1811,Joel Alvarez,0.0
1812,Joe Veres,0.0
1813,Joe Son,0.0
1814,Joe Pardo,0.0
1815,Joe Giannetti,0.0
1816,Joe Ellenberger,0.0
1817,Joao Roque,0.0
1818,John Dowdy,0.0
1819,Josh Stuart,0.0
1820,Jules Bruchez,0.0
1821,Julie Kedzie,0.0
1822,Marcus Jones,0.0
1823,Marcin Wrzosek,0.0
1824,Marcelo Aguiar,0.0
1825,Manuel Rodriguez,0.0
1826,Maia Stevenson,0.0
1827,Luiz Dutra,0.0
1828,Lodune Sincaid,0.0
1829,Leigh Remedios,0.0
1830,Larry Cureton,0.0
1831,Lance Gibson,0.0
1832,Kristof Midoux,0.0
1833,Khalid Taha,0.0
1834,Kevin Rosier,0.0
1835,Kevin Ferguson,0.0
1836,Kerry Schall,0.0
1837,Keith Berish,0.0
1838,Keiichiro Yamamiya,0.0
1839,Keigo Kunihara,0.0
1840,Karine Gevorgyan,0.0
1841,Justin Wren,0.0
1842,Justin James,0.0
1843,Steven Graham,0.0
1844,Josh Bryant,0.0
